,loss,accuracy,val_loss,val_accuracy,lr
0,1.568690538406372,0.5053468346595764,3.6167335510253906,0.2094999998807907,0.001
